<?xml version="1.0" encoding="UTF-8"?>
<project-private xmlns="http://www.netbeans.org/ns/project-private/1">
    <editor-bookmarks xmlns="http://www.netbeans.org/ns/editor-bookmarks/2" lastBookmarkId="0"/>
    <open-files xmlns="http://www.netbeans.org/ns/projectui-open-files/2">
        <group>
            <file>file:/C:/Users/Lenovo/Documents/NetBeansProjects/Casos/src/VistaCasos/VistaCasos.java</file>
            <file>file:/C:/Users/Lenovo/Documents/NetBeansProjects/Casos/src/Model/Tipo_Caso.java</file>
            <file>file:/C:/Users/Lenovo/Documents/NetBeansProjects/Casos/src/Model/DetectivesActivos.java</file>
            <file>file:/C:/Users/Lenovo/Documents/NetBeansProjects/Casos/src/Model/Anotacion.java</file>
            <file>file:/C:/Users/Lenovo/Documents/NetBeansProjects/Casos/src/Model/Casos.java</file>
            <file>file:/C:/Users/Lenovo/Documents/NetBeansProjects/Casos/src/Model/Sospechoso.java</file>
        </group>
    </open-files>
</project-private>
